objective,TAPobject_data.mechanism.elementary_processes[0].forward.dG
0.0006432378275969,-0.35
5.639158036516251e-22,-0.35
105039.92263961089,0.65
5.639158036516251e-22,-0.3499999999999997
5.639158036516251e-22,-0.3499999999999999
5.639158036516251e-22,-0.35
