# t,Ke0,Kd0,Ke1,Kd1,Ke2
0.000000000000000000e+00,3.927983667575323478e-07,-8.575103560457857999e-13,2.775285075795681420e-04,-5.010305213615233686e-12,4.409784912673889765e-10
2.333333333333333526e-03,2.228885096986913593e-05,-5.847554987971402345e-11,1.495909039880266578e-02,-5.253936631940275000e-10,2.372456408423860022e-08
4.666666666666667053e-03,2.487991534840170685e-04,-7.522256427590091440e-10,1.674837654917716301e-01,-8.204405643829376209e-09,2.491544650907369501e-07
