# t,Ke0,Kd0,Ke1,Kd1,Ke2
0.000000000000000000e+00,-2.067160877428102887e-07,1.433441182503419426e-13,1.488963696473619588e-09,-1.214836811827726147e-18,-2.960213575647022067e-18
3.500000000000000073e-03,-3.157682939128097100e-03,4.399796157466813039e-09,1.616524233735097292e-04,-2.647396836183015374e-12,-2.282059551130800947e-12
