# t,Ke0,Kd0,Ke1,Kd1,Ke2
0.000000000000000000e+00,-1.147350452262102129e-07,2.509806243549793755e-13,-8.662504939977693219e-01,1.388637955783929203e-08,-1.295337161592553939e-10
2.333333333333333526e-03,-5.203643467555288388e-06,1.378802961106388152e-11,-6.725646002955016911e+00,2.299020143540013142e-07,-5.546480209568232777e-09
4.666666666666667053e-03,-4.538458560331170340e-05,1.381981957397389074e-10,-2.057367244527927141e+01,1.067795043742691072e-06,-4.552102926502159464e-08
