# t,Ke0,Kd0,Ke1,Kd1,Ke2
0.000000000000000000e+00,6.001932420590404450e-14,-4.201550339371768383e-20,6.756136214470681637e-11,-5.586861884778333326e-20,6.689077871552851254e-17
3.500000000000000073e-03,8.578880844066432059e-07,-1.160903226307061766e-12,6.527076942103909787e-04,-1.149568798377429604e-11,9.472222984366849646e-10
