# t,Ke0,Kd0,Ke1,Kd1,Ke2
0.000000000000000000e+00,-2.234330879491869448e-13,1.572549808917441988e-19,-3.887927108115562299e-03,2.687419292141766281e-12,-4.098301342083888504e-16
3.500000000000000073e-03,-7.608169742769192516e-07,1.059912821264413670e-12,-6.138006372121339815e+00,1.174884610865106423e-07,-8.443108331725196444e-10
